{
    "banner": {
        "builder": true,
        "no_selection": true,
        "name": "Banner Section",
        "content": {
            "heading": "text",
            "subheading": "text",
            "short_description": "text",
            "button_one_name": "text",
            "button_one_url": "text",
            "button_two_name": "text",
            "button_two_url": "text"
        },
        "element": {
            "images": {
                "image": {
                    "size": "20x20"
                }
            },
            "title": "text",
            "modal": true
        }
    },
    "creation": {
        "builder": true,
        "name": "Creation Section",
        "content": {
            "heading": "text",
            "subheading": "text",
            "short_description": "text",
            "button_name": "text",
            "button_url": "text"
        },
        "element": {
            "images": {
                "image": {
                    "size": "385x215"
                },
                "user_image": {
                    "size": "100x100"
                }
            },
            "fullname": "text",
            "title": "text",
            "created_at": "text",
            "modal": false
        }
    },
    "feature": {
        "builder": true,
        "name": "Feature Section",
        "content": {
            "heading": "text",
            "subheading": "text",
            "short_description": "text"
        },
        "element": {
            "images": {
                "image": {
                    "size": "550x360"
                }
            },
            "title": "text",
            "subtitle": "text",
            "short_details": "text",
            "modal": false
        }
    },
    
    "how_it_work": {
        "builder": true,
        "name": "How It Work",
        "content": {
            "images": {
                "image": {
                    "size": "500x335"
                }
            },
            "heading": "text",
            "subheading": "text",
            "short_description": "text",
            "button_name": "text",
            "button_url": "text"
        },
        "element": {
            "images": {
                "image": {
                    "size": "45x45"
                }
            },
            "title": "text",
            "short_details": "text",
            "button_name": "text",
            "button_url": "text",
            "modal": false
        }
    },
    "testimonial": {
        "builder": true,
        "name": "Testimonial Section",
        "content": {
            "heading": "text",
            "subheading": "text",
            "short_description": "text"
        },
        "element": {
            "images": {
                "image": {
                    "size": "60x60"
                }
            },
            "name": "text",
            "designation": "text",
            "review": "text",
            "rating": "text",
            "modal": false
        }
    },
    "pricing": {
        "builder": true,
        "name": "Pricing Section",
        "content": {
            "heading": "text",
            "subheading": "text",
            "short_description": "text"
        }
    },
    "faq": {
        "builder": true,
        "name": "FAQ Section",
        "content": {
            "heading": "text",
            "subheading": "text",
            "short_details": "text",
            "title": "text",
            "subtitle": "text",
            "button_name": "text",
            "button_url": "text"
        },
        "element": {
            "question": "text",
            "answer": "textarea",
            "modal": true
        }
    },
    "policy_pages": {
        "builder": true,
        "no_selection": true,
        "name": "Policy Pages",
        "hide_builder": true,
        "element": {
            "title": "text",
            "slug": "title",
            "details": "textarea-nic",
            "modal": false,
            "seo": true
        }
    },
    "register_disable": {
        "builder": true,
        "no_selection": true,
        "name": "Registration Disable",
        "content": {
            "images": {
                "image": {
                    "size": "280x280"
                }
            },
            "heading": "text",
            "subheading": "text",
            "button_name": "text",
            "button_url": "text"
        }
    },
    "blog": {
        "builder": true,
        "name": "Blog Section",
        "content": {
            "heading": "text",
            "subheading": "text",
            "short_details": "text"
        },
        "element": {
            "images": {
                "image": {
                    "size": "1245x750",
                    "thumb": "415x250"
                }
            },
            "title": "text",
            "slug": "title",
            "description": "textarea-nic",
            "modal": false,
            "seo": true
        }
    },
    "cta": {
        "builder": true,
        "name": "Call to Action",
        "content": {
            "heading": "text",
            "subheading": "text",
            "short_details": "text",
            "button_name": "text",
            "button_url": "text"
        }
    },
    "login": {
        "builder": true,
        "no_selection": true,
        "name": "Login Page",
        "content": {
            "images": {
                "image": {
                    "size": "960x945"
                }
            },
            "heading": "text",
            "subheading": "text",
            "form_heading": "text",
            "form_subheading": "text"
        },
        "element": {
            "title": "text",
            "modal": true
        }
    },
    "register": {
        "builder": true,
        "no_selection": true,
        "name": "Register Page",
        "content": {
            "images": {
                "image": {
                    "size": "960x945"
                }
            },
            "heading": "text",
            "subheading": "text",
            "form_heading": "text",
            "form_subheading": "text"
        },
        "element": {
            "title": "text",
            "modal": true
        }
    },
    "social_icon": {
        "builder": true,
        "no_selection": true,
        "name": "Social Icons",
        "element": {
            "title": "text",
            "social_icon": "icon",
            "url": "text",
            "modal": true
        }
    },
    "contact_us": {
        "builder": true,
        "no_selection": true,
        "name": "Contact Us",
        "content": {
            "images": {
                "image": {
                    "size": "570x360"
                }
            },
            "heading": "text",
            "short_details": "text",
            "title": "text"
        },
        "element": {
            "icon": "icon",
            "title": "text",
            "short_detail": "text",
            "contact_info": "text",
            "modal": true
        }
    },
    "breadcrumb": {
        "builder": true,
        "no_selection": true,
        "name": "Breadcrumb",
        "content": {
            "images": {
                "image": {
                    "size": "1920x320"
                }
            }
        }
    },
    "footer": {
        "builder": true,
        "no_selection": true,
        "name": "Footer Content",
        "content": {
            "description": "text"
        }
    },
    "banned": {
        "builder": true,
        "no_selection": true,
        "name": "Banned",
        "content": {
            "images": {
                "image": {
                    "size": "360x370"
                }
            }
        }
    }
}