{
    "dashboard": {
        "keyword": [
            "Dashboard",
            "Home",
            "Panel",
            "Admin",
            "Control center",
            "Overview",
            "Main hub",
            "Management hub",
            "Administrative hub",
            "Central hub",
            "Command center",
            "Administrator portal",
            "Centralized interface",
            "Admin console",
            "Management dashboard",
            "Main screen",
            "Administrative dashboard",
            "Command dashboard",
            "Main control panel"
        ],
        "title": "Dashboard",
        "icon": "las la-home",
        "route_name": "admin.dashboard",
        "menu_active": "admin.dashboard"
    },
    "website_types": {
        "title": "AI Website Config",
        "icon": "las la-list",
        "menu_active": "admin.website*",
        "submenu": [
            {
                "keyword": [
                    "Website Types",
                    "AI Templates",
                    "Category List",
                    "Website Categories"
                ],
                "title": "Website Types",
                "route_name": "admin.website.type.index",
                "menu_active": "admin.website.type.index"
            },
            {
                "keyword": [
                    "Website Pages",
                    "Page Selection",
                    "Page Types",
                    "Available Pages"
                ],
                "title": "Page Selection",
                "route_name": "admin.website.page.index",
                "menu_active": "admin.website.page.index"
            },
            {
                "keyword": [
                    "Pages Section",
                    "Section List",
                    "Section Types"
                ],
                "title": "Section List",
                "route_name": "admin.website.section.index",
                "menu_active": "admin.website.section.index"
            }
        ]
    },
    "pricing": {
        "keyword": [
            "Pricing Plans",
            "Manage Plans",
            "Manage Pricing",
            "Manage Subscription",
            "Subscription management",
            "Subscription plans",
            "Subscription pricing"
        ],
        "title": "Pricing Plans",
        "icon": "la la-gem",
        "route_name": "admin.plan.index",
        "menu_active": "admin.plan.*"
    },
    "manage_coupons": {
        "title": "Coupons",
        "icon": "las la-percentage",
        "route_name": "admin.coupon.index",
        "menu_active": "admin.coupon.*",
        "keyword": [
            "Coupons",
            "Discount management",
            "Promo codes",
            "Voucher codes",
            "Special offers",
            "Deal management",
            "Coupon campaigns",
            "Promotional discounts",
            "Manage coupons",
            "Coupon marketing"
        ]
    },
    "manage_users": {
        "title": "Manage Users",
        "icon": "las la-users",
        "counters": [
            "bannedUsersCount",
            "emailUnverifiedUsersCount",
            "mobileUnverifiedUsersCount"
        ],
        "menu_active": "admin.users*",
        "submenu": [
            {
                "keyword": [
                    "active users",
                    "Manage Users",
                    "User management",
                    "User control",
                    "User status",
                    "User activity",
                    "User analytics"
                ],
                "title": "Active Users",
                "route_name": "admin.users.active",
                "menu_active": "admin.users.active"
            },
            {
                "keyword": [
                    "banned users",
                    "Manage Users",
                    "User management",
                    "Account bans",
                    "User activity"
                ],
                "title": "Banned Users",
                "route_name": "admin.users.banned",
                "menu_active": "admin.users.banned",
                "counter": "bannedUsersCount"
            },
            {
                "keyword": [
                    "email unverified users",
                    "Manage Users",
                    "User verification",
                    "User authentication",
                    "User management"
                ],
                "title": "Email Unverified",
                "route_name": "admin.users.email.unverified",
                "menu_active": "admin.users.email.unverified",
                "counter": "emailUnverifiedUsersCount"
            },
            {
                "keyword": [
                    "mobile unverified users",
                    "Manage Users",
                    "User verification",
                    "User authentication",
                    "User management"
                ],
                "title": "Mobile Unverified",
                "route_name": "admin.users.mobile.unverified",
                "menu_active": "admin.users.mobile.unverified",
                "counter": "mobileUnverifiedUsersCount"
            },
            {
                "keyword": [
                    "all users users",
                    "Manage Users",
                    "User management",
                    "User control",
                    "User activity",
                    "User analytics"
                ],
                "title": "All Users",
                "route_name": "admin.users.all",
                "menu_active": "admin.users.all"
            },
            {
                "keyword": [
                    "send notification users",
                    "Manage Users",
                    "User notifications",
                    "User management",
                    "User activity"
                ],
                "title": "Send Notification",
                "route_name": "admin.users.notification.all",
                "menu_active": "admin.users.notification.all"
            }
        ]
    },
    "deposits": {
        "title": "Payments",
        "icon": "las la-file-invoice-dollar",
        "counters": [
            "pendingDepositsCount"
        ],
        "menu_active": "admin.deposit*",
        "submenu": [
            {
                "keyword": [
                    "Pending Payments",
                    "Payments",
                    "Payment management",
                    "Payment control",
                    "Payment status",
                    "Payment activity"
                ],
                "title": "Pending Payments",
                "route_name": "admin.deposit.pending",
                "menu_active": "admin.deposit.pending",
                "counter": "pendingDepositsCount",
                "params": {
                    "user_id": ""
                }
            },
            {
                "keyword": [
                    "Approved Payments",
                    "Payments",
                    "Payment management",
                    "Payment activity"
                ],
                "title": "Approved Payments",
                "route_name": "admin.deposit.approved",
                "menu_active": "admin.deposit.approved",
                "params": {
                    "user_id": ""
                }
            },
            {
                "keyword": [
                    "Successful Payments",
                    "Payments",
                    "Payment management",
                    "Payment activity"
                ],
                "title": "Successful Payments",
                "route_name": "admin.deposit.successful",
                "menu_active": "admin.deposit.successful",
                "params": {
                    "user_id": ""
                }
            },
            {
                "keyword": [
                    "Rejected Payments",
                    "Payments",
                    "Payment management",
                    "Payment activity"
                ],
                "title": "Rejected Payments",
                "route_name": "admin.deposit.rejected",
                "menu_active": "admin.deposit.rejected",
                "params": {
                    "user_id": ""
                }
            },
            {
                "keyword": [
                    "Initiated Payments",
                    "Payments",
                    "Payment management",
                    "Payment activity"
                ],
                "title": "Initiated Payments",
                "route_name": "admin.deposit.initiated",
                "menu_active": "admin.deposit.initiated",
                "params": {
                    "user_id": ""
                }
            },
            {
                "keyword": [
                    "All Payments",
                    "Payments",
                    "Payment management",
                    "Payment control",
                    "Payment activity"
                ],
                "title": "All Payments",
                "route_name": "admin.deposit.list",
                "menu_active": "admin.deposit.list",
                "params": {
                    "user_id": ""
                }
            }
        ]
    },
    "support_ticket": {
        "title": "Support Ticket",
        "icon": "la la-ticket",
        "counters": [
            "pendingTicketCount"
        ],
        "menu_active": "admin.ticket*",
        "submenu": [
            {
                "keyword": [
                    "Pending Ticket",
                    "Support Ticket",
                    "Ticket management",
                    "Ticket control",
                    "Ticket status",
                    "Ticket activity"
                ],
                "title": "Pending Ticket",
                "route_name": "admin.ticket.pending",
                "menu_active": "admin.ticket.pending",
                "counter": "pendingTicketCount"
            },
            {
                "keyword": [
                    "Closed Ticket",
                    "Support Ticket",
                    "Ticket management",
                    "Ticket activity"
                ],
                "title": "Closed Ticket",
                "route_name": "admin.ticket.closed",
                "menu_active": "admin.ticket.closed"
            },
            {
                "keyword": [
                    "Answered Ticket",
                    "Support Ticket",
                    "Ticket management",
                    "Ticket activity"
                ],
                "title": "Answered Ticket",
                "route_name": "admin.ticket.answered",
                "menu_active": "admin.ticket.answered"
            },
            {
                "keyword": [
                    "All Ticket",
                    "Support Ticket",
                    "Ticket management",
                    "Ticket control",
                    "Ticket activity"
                ],
                "title": "All Ticket",
                "route_name": "admin.ticket.index",
                "menu_active": "admin.ticket.index"
            }
        ]
    },
    "reports": {
        "title": "Report",
        "icon": "la la-list",
        "menu_active": "admin.report*",
        "submenu": [
            {
                "keyword": [
                    "Transaction Log",
                    "Report",
                    "Transaction report",
                    "Transaction history",
                    "Transaction activity",
                    "balance sheet",
                    "balance log",
                    "balance history"
                ],
                "title": "Transaction History",
                "route_name": "admin.report.transactions",
                "menu_active": [
                    "admin.report.transactions"
                ],
                "params": {
                    "user_id": ""
                }
            },
            {
                "keyword": [
                    "Subscription Log",
                    "Report",
                    "Subscription report",
                    "Subscription history",
                    "Subscription activity",
                    "balance sheet",
                    "balance log",
                    "balance history"
                ],
                "title": "Subscription History",
                "route_name": "admin.report.subscriptions",
                "menu_active": [
                    "admin.report.subscriptions",
                    "admin.report.subscriptions.search"
                ],
                "params": {
                    "user_id": ""
                }
            },
            {
                "keyword": [
                    "Website Log",
                    "Report",
                    "Website report",
                    "Website history",
                    "Website activity"
                ],
                "title": "Generated Websites",
                "route_name": "admin.report.generated.website",
                "menu_active": [
                    "admin.report.generated.website"
                ],
                "params": {
                    "user_id": ""
                }
            },
            {
                "keyword": [
                    "Login History",
                    "Report",
                    "Login report",
                    "Login history",
                    "Login activity"
                ],
                "title": "Login History",
                "route_name": "admin.report.login.history",
                "menu_active": [
                    "admin.report.login.history",
                    "admin.report.login.ip.history"
                ]
            },
            {
                "keyword": [
                    "Notification History",
                    "Report",
                    "Notification report",
                    "Notification history",
                    "Notification activity",
                    "email log",
                    "email history",
                    "sms log",
                    "sms history",
                    "push notification log",
                    "push notification history"
                ],
                "title": "Notification History",
                "route_name": "admin.report.notification.history",
                "menu_active": "admin.report.notification.history"
            }
        ]
    },
    "subscriber": {
        "keyword": [
            "subscriber",
            "subscribers",
            "Subscription management",
            "Subscriber list",
            "Subscriber activity"
        ],
        "title": "Subscribers",
        "icon": "las la-thumbs-up",
        "route_name": "admin.subscriber.index",
        "menu_active": "admin.subscriber.*"
    },
    "system_setting": {
        "keyword": [
            "System Setting",
            "setting",
            "System configuration",
            "System preferences",
            "Configuration management",
            "System setup"
        ],
        "title": "System Setting",
        "icon": "las la-life-ring",
        "route_name": "admin.setting.system",
        "menu_active": [
            "admin.setting.system",
            "admin.setting.general",
            "admin.setting.socialite.credentials",
            "admin.cron*",
            "admin.setting.system.configuration",
            "admin.setting.logo.icon",
            "admin.extensions.index",
            "admin.language.manage",
            "admin.language.key",
            "admin.seo",
            "admin.kyc.setting",
            "admin.frontend.templates",
            "admin.frontend.manage.*",
            "admin.maintenance.mode",
            "admin.setting.cookie",
            "admin.setting.custom.css",
            "admin.setting.sitemap",
            "admin.setting.robot",
            "admin.setting.notification.global.email",
            "admin.setting.notification.global.sms",
            "admin.setting.notification.global.push",
            "admin.setting.notification.email",
            "admin.setting.notification.sms",
            "admin.setting.notification.push",
            "admin.setting.notification.templates",
            "admin.setting.notification.template.edit",
            "admin.frontend.index",
            "admin.frontend.sections*",
            "admin.gateway*",
            "admin.withdraw.method*",
            "admin.setting.app.purchase",
            "admin.referral.index"
        ]
    },
    "extra": {
        "title": "Extra",
        "icon": "la la-server",
        "menu_active": "admin.system*",
        "counters": [
            "updateAvailable"
        ],
        "submenu": [
            {
                "keyword": [
                    "Application",
                    "System",
                    "Application management",
                    "Application settings",
                    "System information",
                    "version",
                    "laravel",
                    "timezone"
                ],
                "title": "Application",
                "route_name": "admin.system.info",
                "menu_active": "admin.system.info"
            },
            {
                "keyword": [
                    "Server",
                    "System",
                    "Server management",
                    "Server settings",
                    "System information",
                    "version",
                    "php version",
                    "software",
                    "ip address",
                    "server ip address",
                    "server port",
                    "http host"
                ],
                "title": "Server",
                "route_name": "admin.system.server.info",
                "menu_active": "admin.system.server.info"
            },
            {
                "keyword": [
                    "Cache",
                    "System",
                    "Cache management",
                    "Cache optimization",
                    "System performance",
                    "clear cache"
                ],
                "title": "Cache",
                "route_name": "admin.system.optimize",
                "menu_active": "admin.system.optimize"
            },
            {
                "keyword": [
                    "Update",
                    "System",
                    "Update management",
                    "System update",
                    "Software updates",
                    "version update",
                    "upgrade",
                    "latest version"
                ],
                "title": "Update",
                "route_name": "admin.system.update",
                "menu_active": "admin.system.update*",
                "counter": "updateAvailable"
            }
        ]
    },
    "report_and_request": {
        "keyword": [
            "Report & Request",
            "Report and Request",
            "Reports and Requests",
            "Reporting and Requests",
            "Report management",
            "Request management",
            "feature request",
            "bug report"
        ],
        "title": "Report & Request",
        "icon": "las la-bug",
        "route_name": "admin.request.report",
        "menu_active": "admin.request.report"
    }
}
